ID,Elevation,Slope,Ruggedness_Index,Forest_Age_Structure,Dis_Power_Lines,Dis_Log_Power_Lines,Dis_All_Roads,Dis_Log_All_Roads,Dis_All_Big_Roads,Dis_All_Log_Big_Roads,Dis_To_Mine,Dis_To_Log_Mine,Dis_Small_Roads,Dis_Log_Small_Roads,Broad_Leaved_Forest,Coniferous_Forest,Clear_Cut_Forest,Young_Forest,Mire,Lake,Flat_Areas,NE_Slop,SE_Slop,SW_Slop,NW_Slop,Pellet_Found_2009,Pellet_Found_2010
2,389,1.742046,2.16E-05,62,3606,8.190631681,111,4.718498871,1543,7.342131731,921,6.826545224,111,4.718498871,0,1,0,0,0,0,0,1,0,0,0,1,1
3,389,1.811248,5.93E-06,53,3535,8.170751424,206,5.332718793,1498,7.312553498,824,6.715383386,206,5.332718793,0,1,0,0,0,0,0,0,0,0,1,0,0
4,389,1.866953,1.32E-05,62,3464,8.150467912,250,5.525452939,1453,7.282073658,728,6.591673732,250,5.525452939,0,0,0,1,0,0,0,1,0,0,0,0,0
5,389,1.910344,7.52E-06,46,3394,8.13005904,212,5.361292166,1411,7.252762418,632,6.450470422,212,5.361292166,0,0,0,1,0,0,0,1,0,0,0,0,0
6,388,1.718358,5.72E-06,37,3326,8.109826276,141,4.955827058,1375,7.226936018,538,6.289715571,141,4.955827058,0,0,0,1,0,0,1,0,0,0,0,0,0
7,388,2.190075,7.63E-05,37,3259,8.089482474,70,4.262679877,1341,7.201916318,447,6.104793232,70,4.262679877,0,0,0,1,0,0,0,1,0,0,0,0,0
9,384,4.029545,0.000216484,32,3131,8.049427057,0,0,1252,7.133295955,282,5.645446898,0,0,0,0,0,1,0,0,0,1,0,0,0,0,0
10,377,5.438008,0.000246578,37,3070,8.02975852,50,3.931825633,1208,7.097548851,223,5.411646052,50,3.931825633,0,0,0,1,0,0,0,1,0,0,0,0,0
11,376,4.433861,7.93E-05,27,3005,8.00836557,100,4.615120517,1170,7.065613364,200,5.303304908,100,4.615120517,0,0,0,1,0,0,0,0,0,0,1,0,0
12,376,3.43363,4.19E-05,17,2934,7.984462732,100,4.615120517,1140,7.03966035,223,5.411646052,100,4.615120517,0,0,0,1,0,0,1,0,0,0,0,0,0
13,376,3.089118,9.72E-05,17,2864,7.960323629,50,3.931825633,1118,7.020190708,282,5.645446898,50,3.931825633,0,0,0,1,0,0,0,0,0,0,1,0,0
14,378,3.199601,0.000386238,17,2793,7.93522954,50,3.931825633,1092,6.996681488,360,5.888877958,50,3.931825633,0,0,0,1,0,0,0,1,0,0,0,0,1
15,374,4.887652,0.00017092,17,2724,7.910223707,0,0,1068,6.974478911,447,6.104793232,0,0,0,0,0,1,0,0,0,1,0,0,0,0,1
17,372,5.994093,0.0001457,13,2592,7.860570786,0,0,989,6.897704943,632,6.450470422,0,0,0,0,0,1,0,0,1,0,0,0,0,0,0
18,370,5.515724,0.000202815,12,2530,7.836369761,50,3.931825633,919,6.82437367,728,6.591673732,50,3.931825633,0,0,1,0,0,0,0,1,0,0,0,0,0
19,368,3.988871,0.000206524,12,2470,7.812378206,50,3.931825633,848,6.744059186,824,6.715383386,50,3.931825633,0,0,0,1,0,0,0,1,0,0,0,0,0
21,366,1.032802,0.000124931,17,2343,7.759614151,50,3.931825633,721,6.582025139,1019,6.927557906,50,3.931825633,0,0,0,1,0,0,0,1,0,0,0,0,0
22,363,1.032802,5.38E-05,16,2280,7.732369222,100,4.615120517,670,6.508769137,1118,7.020190708,100,4.615120517,0,0,1,0,0,0,0,1,0,0,0,1,0
23,362,2.504071,0.000220087,16,2220,7.705712824,141,4.955827058,626,6.440946541,1216,7.104144093,141,4.955827058,0,0,0,1,0,0,0,1,0,0,0,0,0
24,358,3.463236,0.000203768,8,2205,7.6989362,100,4.615120517,632,6.450470422,1323,7.188412736,100,4.615120517,0,0,0,1,0,0,0,1,0,0,0,0,0
25,355,2.560639,0.000320541,0,2152,7.674617497,100,4.615120517,604,6.405228458,1422,7.260522598,100,4.615120517,0,0,0,0,1,0,0,1,0,0,0,0,1
26,355,2.988215,0.000248167,0,2102,7.651120176,100,4.615120517,559,6.327936784,1520,7.327123292,100,4.615120517,0,0,0,0,1,0,0,1,0,0,0,0,0
27,353,2.437808,0.000188404,0,2057,7.629489916,141,4.955827058,522,6.259581464,1619,7.390181428,141,4.955827058,0,0,0,0,1,0,0,0,0,0,1,0,0
28,354,2.897904,9.01E-05,77,2015,7.608870629,150,5.017279837,502,6.22059017,1718,7.449498005,150,5.017279837,0,1,0,0,0,0,0,1,0,0,0,0,0
29,352,2.263636,6.11E-05,50,1978,7.590346946,158,5.068904202,500,6.216606101,1817,7.505492275,158,5.068904202,0,0,0,0,1,0,0,1,0,0,0,0,0
30,350,1.730243,8.42E-05,0,1944,7.573017256,180,5.198497031,500,6.216606101,1916,7.558516743,180,5.198497031,0,0,0,0,1,0,0,1,0,0,0,0,0
31,350,2.064934,8.84E-05,9,1913,7.556950572,100,4.615120517,509,6.234410726,2015,7.608870629,100,4.615120517,0,0,0,1,0,0,0,0,0,0,1,0,1
33,351,2.536551,6.29E-05,37,1850,7.523481313,50,3.931825633,552,6.315358002,2214,7.703007682,50,3.931825633,0,0,0,1,0,0,0,1,0,0,0,0,0
34,349,1.542363,9.18E-05,5,1820,7.50714108,111,4.718498871,570,6.34738921,2313,7.746732908,111,4.718498871,0,0,0,0,1,0,0,1,0,0,0,0,0
35,349,1.01275,3.59E-05,0,1786,7.488293515,206,5.332718793,604,6.405228458,2412,7.788626066,206,5.332718793,0,0,0,0,1,0,0,0,0,0,1,0,0
36,349,0.8102307,2.35E-05,0,1746,7.46565531,282,5.645446898,632,6.450470422,2512,7.829232538,282,5.645446898,0,0,0,0,1,0,0,1,0,0,0,1,0
37,348,0.5729387,2.21E-05,0,1708,7.443663683,353,5.869296913,667,6.504288174,2611,7.86787149,353,5.869296913,0,0,0,0,1,0,1,0,0,0,0,0,0
38,348,0,0.000104162,0,1676,7.424761762,424,6.052089169,650,6.478509642,2711,7.905441649,424,6.052089169,0,0,0,0,1,0,1,0,0,0,0,0,0
39,349,1.620137,0.000162125,0,1644,7.405495663,500,6.216606101,618,6.428105273,2811,7.941651253,500,6.216606101,0,0,0,0,1,0,0,0,0,1,0,0,0
40,350,2.113945,0.000108613,9,1614,7.387090236,583,6.369900983,602,6.401917197,2910,7.976251944,583,6.369900983,0,0,0,1,0,0,0,0,0,1,0,0,0
41,353,2.084677,6.96E-05,12,1581,7.366445148,570,6.34738921,570,6.34738921,3010,8.010027528,670,6.508769137,0,0,1,0,0,0,0,0,0,1,0,1,0
42,381,2.263636,2.08E-05,55,3959,8.283999304,0,0,1850,7.523481313,1208,7.097548851,0,0,0,1,0,0,0,0,0,0,0,1,0,0,0
43,385,2.66249,1.19E-05,55,3889,8.266164437,100,4.615120517,1850,7.523481313,1118,7.020190708,100,4.615120517,0,1,0,0,0,0,0,0,0,1,0,1,0
44,389,2.639336,1.63E-05,55,3819,8.248005702,200,5.303304908,1811,7.502186487,1029,6.937314081,200,5.303304908,0,1,0,0,0,0,0,0,0,1,0,0,0
45,393,2.308417,9.84E-05,60,3750,8.22977775,300,5.707110265,1767,7.477604243,943,6.850126166,300,5.707110265,0,1,0,0,0,0,0,0,0,1,0,0,1
46,395,0.9058504,7.93E-05,62,3683,8.211754397,400,5.993961427,1726,7.454141078,860,6.758094504,400,5.993961427,0,1,0,0,0,0,0,0,0,0,1,0,0
47,396,0.7303412,6.06E-05,62,3617,8.193676666,424,6.052089169,1691,7.43366654,781,6.661854741,424,6.052089169,0,1,0,0,0,0,0,0,0,0,1,1,0
48,395,1.432096,3.05E-05,62,3553,8.175829009,360,5.888877958,1655,7.412160335,707,6.562444094,360,5.888877958,0,1,0,0,0,0,0,1,0,0,0,0,0
49,394,0.7303412,2.36E-05,62,3490,8.157943507,316,5.758901774,1610,7.384610383,640,6.463029457,316,5.758901774,0,0,0,0,1,0,0,1,0,0,0,1,0
50,394,1.032802,1.50E-05,7,3429,8.14031554,269,5.598421959,1565,7.356279877,583,6.369900983,269,5.598421959,0,0,0,0,1,0,0,0,0,0,1,0,0
51,395,0.5729387,3.18E-05,28,3358,8.11939859,223,5.411646052,1523,7.329093736,538,6.289715571,223,5.411646052,0,0,0,1,0,0,1,0,0,0,0,1,0
52,395,1.145763,0.000149621,28,3288,8.098338846,200,5.303304908,1486,7.304515946,509,6.234410726,200,5.303304908,0,0,0,1,0,0,1,0,0,0,0,0,0
53,395,2.988215,0.000144429,40,3217,8.076515328,158,5.068904202,1456,7.284134806,500,6.216606101,158,5.068904202,0,0,0,1,0,0,0,1,0,0,0,0,0
54,393,2.437808,3.16E-05,40,3148,8.054840221,150,5.017279837,1431,7.266827348,509,6.234410726,150,5.017279837,0,0,0,1,0,0,0,1,0,0,0,0,0
55,393,2.536551,7.92E-05,27,3080,8.033009499,180,5.198497031,1408,7.250635512,538,6.289715571,180,5.198497031,0,0,0,0,1,0,0,0,0,0,1,1,0
56,396,4.089788,7.69E-05,13,3015,8.011686729,223,5.411646052,1382,7.232010332,583,6.369900983,223,5.411646052,0,0,0,1,0,0,0,0,0,0,1,0,0
57,400,3.26283,0.000588735,12,2951,7.990238186,254,5.541263545,1343,7.203405521,640,6.463029457,254,5.541263545,0,0,0,1,0,0,0,1,0,0,0,1,0
58,396,2.811949,0.000244776,0,2890,7.969357742,291,5.676753802,1272,7.149131599,707,6.562444094,291,5.676753802,0,0,0,0,1,0,0,1,0,0,0,1,0
59,396,5.09916,0.000141568,13,2830,7.948385285,300,5.707110265,1204,7.094234846,781,6.661854741,300,5.707110265,0,0,0,0,1,0,0,1,0,0,0,1,0
60,394,4.069808,0.000180986,13,2765,7.925157512,316,5.758901774,1140,7.03966035,860,6.758094504,316,5.758901774,0,0,1,0,0,0,0,0,0,0,1,0,0
61,395,5.81248,0.00044526,11,2701,7.901747519,282,5.645446898,1081,6.986566459,943,6.850126166,282,5.645446898,0,0,1,0,0,0,0,1,0,0,0,1,0
62,391,5.990719,0.000116454,18,2640,7.878912912,223,5.411646052,1029,6.937314081,1029,6.937314081,223,5.411646052,0,0,0,1,0,0,0,1,0,0,0,0,0
63,388,6.822149,0.000114653,17,2580,7.8559322,180,5.198497031,984,6.892641641,1118,7.020190708,180,5.198497031,0,0,0,1,0,0,0,1,0,0,0,0,0
64,385,7.654503,7.90E-05,14,2523,7.833600224,150,5.017279837,939,6.845879875,1208,7.097548851,150,5.017279837,0,0,0,1,0,0,0,1,0,0,0,0,0
65,386,6.047817,0.000161595,15,2512,7.829232538,200,5.303304908,948,6.855408799,1320,7.186144305,200,5.303304908,0,0,0,1,0,0,0,1,0,0,0,0,1
66,381,4.99048,4.38E-05,16,2418,7.791109511,150,5.017279837,873,6.773080376,1392,7.239214974,150,5.017279837,0,0,0,1,0,0,0,1,0,0,0,1,0
67,383,4.714065,2.23E-05,16,2415,7.789868559,180,5.198497031,873,6.773080376,1504,7.316548177,180,5.198497031,0,0,0,1,0,0,0,1,0,0,0,0,0
68,381,3.762623,3.31E-05,18,2371,7.77148876,150,5.017279837,838,6.732210706,1597,7.376508126,150,5.017279837,0,0,0,1,0,0,0,1,0,0,0,0,0
69,380,4.887652,0.000143051,104,2330,7.754052639,150,5.017279837,813,6.701960366,1691,7.43366654,150,5.017279837,0,1,0,0,0,0,0,1,0,0,0,0,0
70,370,6.517024,9.64E-05,104,2247,7.717796211,70,4.262679877,751,6.622736324,1772,7.480428306,70,4.262679877,0,1,0,0,0,0,0,1,0,0,0,0,0
71,373,6.176755,6.85E-05,104,2261,7.724004657,100,4.615120517,800,6.685860947,1882,7.540621529,100,4.615120517,0,1,0,0,0,0,0,1,0,0,0,0,0
72,372,6.264419,0.00032319,104,2229,7.709756864,100,4.615120517,800,6.685860947,1978,7.590346946,100,4.615120517,0,1,0,0,0,0,0,1,0,0,0,0,1
73,366,4.069808,0.000221994,104,2198,7.695757991,100,4.615120517,806,6.693323668,2074,7.637716433,100,4.615120517,0,1,0,0,0,0,0,1,0,0,0,0,0
74,363,3.718994,0.000319799,104,2166,7.681099002,100,4.615120517,824,6.715383386,2170,7.68294317,100,4.615120517,0,1,0,0,0,0,0,1,0,0,0,0,0
75,364,3.148096,0.00034523,20,2136,7.667158255,100,4.615120517,851,6.747586527,2267,7.726653665,100,4.615120517,0,0,0,1,0,0,1,0,0,0,0,0,0
76,362,3.713504,0.000352966,20,2102,7.651120176,50,3.931825633,863,6.761572769,2364,7.768533301,50,3.931825633,0,0,0,1,0,0,0,1,0,0,0,0,0
77,359,4.298638,0.000372569,20,2061,7.631431665,0,0,886,6.787844982,2462,7.809135398,0,0,0,0,0,1,0,0,0,1,0,0,0,0,0
78,358,3.713504,0.000214577,20,2024,7.61332498,100,4.615120517,919,6.82437367,2559,7.847762537,100,4.615120517,0,0,0,1,0,0,0,1,0,0,0,0,0
79,359,4.069808,0.000138919,20,1992,7.59739632,200,5.303304908,948,6.855408799,2657,7.885329239,200,5.303304908,0,0,0,1,0,0,0,1,0,0,0,0,0
80,355,4.16874,0.000229306,20,1960,7.581209826,291,5.676753802,934,6.840546529,2755,7.921535632,291,5.676753802,0,0,0,1,0,0,0,1,0,0,0,1,0
81,350,1.032802,0.000202285,0,1882,7.540621529,403,6.001414878,863,6.761572769,2844,7.953318347,403,6.001414878,0,0,0,0,1,0,0,1,0,0,0,0,0
82,351,1.632739,0.000179821,0,1897,7.548555979,474,6.163314804,886,6.787844982,2951,7.990238186,474,6.163314804,0,0,0,0,1,0,0,0,0,0,1,0,0
83,350,1.232002,6.86E-05,5,1850,7.523481313,570,6.34738921,854,6.751101469,3050,8.023224685,570,6.34738921,0,0,0,0,1,0,0,1,0,0,0,0,0
84,350,0.2025703,2.79E-05,0,1773,7.480992163,640,6.463029457,824,6.715383386,3148,8.054840221,640,6.463029457,0,0,0,0,1,0,0,1,0,0,0,0,0
87,378,2.560639,2.80E-05,62,4106,8.320448114,50,3.931825633,2124,7.661527081,1280,7.155396302,50,3.931825633,0,1,0,0,0,0,0,0,0,1,0,1,0
88,383,2.897904,1.23E-05,62,4040,8.304247465,111,4.718498871,2081,7.641084249,1204,7.094234846,111,4.718498871,0,1,0,0,0,0,0,0,0,1,0,0,0
89,388,2.897904,6.81E-05,62,3975,8.288031568,180,5.198497031,2042,7.622174595,1131,7.031741259,180,5.198497031,0,1,0,0,0,0,0,0,0,1,0,0,0
90,390,2.639336,3.16E-05,62,3912,8.272059622,250,5.525452939,2008,7.605392365,1063,6.96979067,250,5.525452939,0,1,0,0,0,0,0,0,0,1,0,0,0
91,394,2.308417,7.69E-05,62,3850,8.256088134,320,5.771441123,1967,7.584773078,1000,6.908754779,320,5.771441123,0,1,0,0,0,0,0,0,0,1,0,0,0
92,398,1.358634,0.000193384,62,3783,8.23853693,403,6.001414878,1923,7.562161631,943,6.850126166,403,6.001414878,0,1,0,0,0,0,0,0,0,0,1,0,0
93,398,1.432096,6.20E-05,62,3712,8.219595454,492,6.200509174,1878,7.538494999,894,6.796823718,492,6.200509174,0,1,0,0,0,0,1,0,0,0,0,0,1
94,398,0.7303412,2.57E-05,46,3641,8.20028826,538,6.289715571,1838,7.516977225,854,6.751101469,538,6.289715571,0,0,0,0,1,0,0,1,0,0,0,0,0
95,398,0.4529535,3.74E-05,46,3572,8.181160858,509,6.234410726,1802,7.497207223,824,6.715383386,509,6.234410726,0,0,0,0,1,0,0,0,0,0,1,0,0
96,399,1.181015,3.22E-05,28,3504,8.161945799,474,6.163314804,1772,7.480428306,806,6.693323668,474,6.163314804,0,0,0,1,0,0,0,0,0,0,1,0,0
97,400,1.232002,1.18E-05,28,3438,8.14293601,452,6.115892125,1746,7.46565531,800,6.685860947,452,6.115892125,0,0,0,1,0,0,0,0,0,0,1,0,1
98,402,1.01275,1.46E-05,28,3373,8.123854263,450,6.11146734,1724,7.452982329,806,6.693323668,450,6.11146734,0,0,0,0,1,0,0,0,0,0,1,0,0
99,404,1.280959,5.00E-05,42,3310,8.105005538,460,6.133398043,1697,7.437206367,824,6.715383386,460,6.133398043,0,0,0,0,1,0,0,0,0,0,1,0,0
100,406,2.064934,4.37E-05,24,3250,8.08671792,492,6.200509174,1627,7.395107547,854,6.751101469,492,6.200509174,0,0,0,0,1,0,0,0,0,0,1,0,0
101,407,1.090747,0.000132137,13,3189,8.067776196,538,6.289715571,1562,7.35436233,894,6.796823718,538,6.289715571,0,0,0,1,0,0,0,0,0,0,1,0,0
102,411,2.876658,0.000415802,10,3124,8.047189562,570,6.34738921,1500,7.313886832,943,6.850126166,570,6.34738921,0,0,1,0,0,0,0,0,0,0,1,0,0
103,410,2.437808,0.000351058,10,3061,8.026823576,600,6.398594935,1442,7.274479559,1000,6.908754779,600,6.398594935,0,0,0,1,0,0,0,1,0,0,0,0,0
104,412,2.94688,4.10E-05,10,3000,8.006700845,583,6.369900983,1389,7.237059026,1063,6.96979067,583,6.369900983,0,0,1,0,0,0,0,0,0,0,1,0,0
105,414,3.864247,0.000207583,10,2941,7.986844901,538,6.289715571,1341,7.201916318,1131,7.031741259,538,6.289715571,0,0,1,0,0,0,0,0,0,0,1,0,0
106,415,4.044691,0.000123342,13,2884,7.967280179,492,6.200509174,1297,7.168579897,1204,7.094234846,492,6.200509174,0,0,0,1,0,0,0,1,0,0,0,0,1
107,413,4.520227,0.000100242,18,2830,7.948385285,460,6.133398043,1253,7.134093721,1280,7.155396302,460,6.133398043,0,0,0,1,0,0,0,1,0,0,0,1,0
108,410,4.735581,0.000232273,16,2778,7.92984643,450,6.11146734,1217,7.104965448,1360,7.215975003,450,6.11146734,0,0,0,1,0,0,0,0,0,0,1,0,0
109,412,5.885129,0.000432015,16,2729,7.912056888,450,6.11146734,1185,7.07834158,1442,7.274479559,450,6.11146734,0,0,0,1,0,0,0,1,0,0,0,0,0
110,407,6.127495,0.000170496,16,2683,7.895063498,447,6.104793232,1142,7.041411664,1526,7.331060305,447,6.104793232,0,0,0,1,0,0,0,1,0,0,0,0,0
111,403,4.803774,0.000126415,18,2640,7.878912912,412,6.023447593,1106,7.009408933,1612,7.385851078,412,6.023447593,0,0,0,1,0,0,0,1,0,0,0,0,0
112,406,6.996885,0.000199636,19,2646,7.881182202,450,6.11146734,1128,7.029087564,1724,7.452982329,450,6.11146734,0,0,0,1,0,0,0,0,0,0,1,0,0
113,404,6.495326,0.000151528,104,2610,7.867488569,427,6.059123196,1110,7.01301579,1811,7.502186487,427,6.059123196,0,1,0,0,0,0,0,1,0,0,0,0,0
114,405,5.854107,0.000140826,104,2577,7.854769183,403,6.001414878,1101,7.00488199,1900,7.550135342,403,6.001414878,0,1,0,0,0,0,0,0,0,0,1,0,0
115,403,6.657789,0.000185755,104,2546,7.842671475,400,5.993961427,1100,7.003974137,1990,7.596392304,400,5.993961427,0,1,0,0,0,0,0,1,0,0,0,0,0
116,402,6.517024,0.000198682,104,2514,7.830028083,400,5.993961427,1100,7.003974137,2081,7.641084249,400,5.993961427,0,1,0,0,0,0,0,1,0,0,0,1,0
117,396,6.318971,0.000110096,104,2482,7.817222786,400,5.993961427,1104,7.007600614,2173,7.684324068,400,5.993961427,0,1,0,0,0,0,0,1,0,0,0,0,0
118,392,4.474982,0.000114547,18,2452,7.805067044,335,5.81711116,1118,7.020190708,2265,7.725771442,335,5.81711116,0,0,0,1,0,0,0,1,0,0,0,0,1
119,389,3.533268,4.15E-05,18,2416,7.790282381,250,5.525452939,1140,7.03966035,2358,7.765993079,250,5.525452939,0,0,0,1,0,0,0,1,0,0,0,0,0
120,387,2.471163,3.89E-05,18,2376,7.773594467,150,5.017279837,1159,7.056175284,2452,7.805067044,150,5.017279837,0,0,0,1,0,0,0,1,0,0,0,0,0
121,386,3.349329,4.80E-05,70,2340,7.758333467,50,3.931825633,1176,7.070724107,2546,7.842671475,50,3.931825633,0,1,0,0,0,0,0,1,0,0,0,1,0
122,384,3.713504,7.09E-05,20,2308,7.744569809,50,3.931825633,1202,7.092573716,2640,7.878912912,50,3.931825633,0,0,0,1,0,0,0,1,0,0,0,0,0
123,384,4.433861,3.83E-05,62,2277,7.731053144,111,4.718498871,1234,7.118826249,2735,7.914252279,111,4.718498871,0,1,0,0,0,0,0,1,0,0,0,0,0
124,382,4.326968,1.18E-05,62,2246,7.717351272,206,5.332718793,1225,7.111512116,2830,7.948385285,206,5.332718793,0,1,0,0,0,0,0,1,0,0,0,0,0
125,381,4.820669,6.30E-05,52,2196,7.694848072,291,5.676753802,1202,7.092573716,2926,7.981733287,291,5.676753802,0,1,0,0,0,0,0,1,0,0,0,0,0
126,378,6.517024,0.000189993,20,2122,7.660585462,380,5.942799375,1170,7.065613364,3022,8.014004995,380,5.942799375,0,0,0,1,0,0,0,1,0,0,0,0,0
127,373,8.455703,7.07E-05,20,2050,7.626082758,460,6.133398043,1140,7.03966035,3118,8.045267717,460,6.133398043,0,0,0,1,0,0,0,1,0,0,0,0,0
128,368,8.726832,0.000109779,81,1979,7.590852124,447,6.104793232,1106,7.009408933,3214,8.075582637,447,6.104793232,0,1,0,0,0,0,0,1,0,0,0,0,0
129,363,7.623028,0.000334316,81,1909,7.554858521,360,5.888877958,1079,6.98471632,3310,8.105005538,360,5.888877958,0,1,0,0,0,0,0,1,0,0,0,0,1
130,379,3.439572,0.000108613,57,4207,8.344742754,0,0,2324,7.751475318,1360,7.215975003,0,0,0,1,0,0,0,0,0,0,0,1,0,0,0
131,382,2.034959,6.85E-05,82,4136,8.327726166,100,4.615120517,2280,7.732369222,1303,7.173191742,100,4.615120517,0,1,0,0,0,0,0,0,0,1,0,1,1
132,386,2.753145,5.78E-05,64,4066,8.310660906,200,5.303304908,2236,7.712890961,1252,7.133295955,200,5.303304908,0,1,0,0,0,0,0,0,0,1,0,0,1
133,391,3.533268,2.69E-05,91,3996,8.293299359,300,5.707110265,2193,7.693481641,1208,7.097548851,300,5.707110265,0,1,0,0,0,0,0,0,0,1,0,1,0
134,396,4.289153,4.11E-05,91,3928,8.27614022,400,5.993961427,2154,7.675546003,1170,7.065613364,400,5.993961427,0,1,0,0,0,0,0,0,0,1,0,0,0
135,403,3.095727,0.000602086,91,3861,8.258940463,471,6.156978986,2118,7.658699558,1140,7.03966035,471,6.156978986,0,1,0,0,0,0,0,0,0,1,0,0,1
136,403,0.4529535,9.73E-05,91,3796,8.24196656,514,6.244166901,2088,7.644440762,1118,7.020190708,514,6.244166901,0,1,0,0,0,0,0,0,1,0,0,0,0
137,404,0.4529535,5.49E-05,91,3732,8.224967479,559,6.327936784,2061,7.631431665,1104,7.007600614,559,6.327936784,0,1,0,0,0,0,0,1,0,0,0,0,0
138,405,1.822526,9.67E-05,91,3670,8.208219383,522,6.259581464,2039,7.620705087,1100,7.003974137,522,6.259581464,0,1,0,0,0,0,0,0,0,0,1,0,1
139,405,1.474415,4.37E-05,69,3610,8.191740021,502,6.22059017,1984,7.593374193,1104,7.007600614,502,6.22059017,0,1,0,0,0,0,0,0,0,0,1,0,0
140,407,1.632739,2.05E-05,76,3546,8.173857455,500,6.216606101,1920,7.560601163,1118,7.020190708,500,6.216606101,0,1,0,0,0,0,0,0,0,0,1,0,1
141,409,1.632739,9.91E-05,54,3482,8.15564927,474,6.163314804,1860,7.528869257,1140,7.03966035,474,6.163314804,0,1,0,0,0,0,0,0,0,0,1,0,0
142,413,1.921039,0.000121223,46,3420,8.137688185,452,6.115892125,1802,7.497207223,1170,7.065613364,452,6.115892125,0,0,0,1,0,0,0,0,0,1,0,1,0
143,415,1.718358,0.000166787,46,3360,8.119993828,450,6.11146734,1749,7.467371067,1208,7.097548851,450,6.11146734,0,0,0,1,0,0,0,0,0,1,0,1,1
144,419,2.361028,3.67E-05,13,3301,8.102283624,450,6.11146734,1700,7.438971592,1252,7.133295955,450,6.11146734,0,0,0,1,0,0,0,0,0,0,1,1,0
145,422,1.742046,4.22E-05,13,3244,8.084870629,452,6.115892125,1655,7.412160335,1303,7.173191742,452,6.115892125,0,0,1,0,0,0,0,0,0,0,1,1,0
146,424,1.474415,5.38E-05,13,3190,8.068089626,474,6.163314804,1610,7.384610383,1360,7.215975003,474,6.163314804,0,0,0,1,0,0,0,0,0,0,1,0,0
147,427,3.095727,0.000527806,13,3138,8.051659557,514,6.244166901,1569,7.358830898,1421,7.25981961,514,6.244166901,0,0,1,0,0,0,0,0,0,0,1,0,1
148,436,6.482894,0.00080257,13,3088,8.035602693,570,6.34738921,1533,7.335633982,1486,7.304515946,570,6.34738921,0,0,0,1,0,0,0,0,0,0,1,0,0
149,439,7.387925,0.001036856,16,3041,8.020270473,636,6.456769656,1498,7.312553498,1555,7.349873705,636,6.456769656,0,0,0,1,0,0,0,0,0,0,1,0,0
150,456,6.254741,0.001719369,56,3041,8.020270473,680,6.523562306,1504,7.316548177,1662,7.416378479,680,6.523562306,0,1,0,0,0,0,0,0,0,0,1,0,0
151,461,8.448629,0.002108044,69,3000,8.006700845,763,6.638567789,1470,7.293697721,1735,7.459338895,763,6.638567789,0,1,0,0,0,0,0,0,0,0,1,0,1
152,460,10.36636,0.000633028,54,2961,7.993619995,756,6.629363253,1443,7.275172319,1811,7.502186487,756,6.629363253,0,1,0,0,0,0,0,1,0,0,0,1,0
153,458,10.88808,0.000176536,49,2926,7.981733287,743,6.612041035,1422,7.260522598,1890,7.544861069,743,6.612041035,0,0,0,1,0,0,0,1,0,0,0,1,0
154,454,11.15205,0.000144959,60,2893,7.970394907,715,6.573680167,1408,7.250635512,1970,7.586296307,715,6.573680167,1,0,0,0,0,0,0,1,0,0,0,0,0
155,450,11.66861,0.000274234,60,2862,7.959625305,701,6.553933404,1400,7.244941546,2052,7.627057417,701,6.553933404,1,0,0,0,0,0,0,1,0,0,0,0,0
156,449,10.41926,0.000154707,60,2830,7.948385285,696,6.546785411,1400,7.244941546,2136,7.667158255,696,6.546785411,1,0,0,0,0,0,0,0,0,0,1,0,0
157,453,10.62058,0.001385689,60,2798,7.93701749,604,6.405228458,1400,7.244941546,2220,7.705712824,604,6.405228458,1,0,0,0,0,0,0,1,0,0,0,0,0
158,445,16.48065,0.001061969,70,2768,7.926241523,514,6.244166901,1403,7.247080585,2307,7.744136628,514,6.244166901,0,1,0,0,0,0,0,1,0,0,0,0,0
159,426,15.72382,0.001170582,70,2731,7.912789221,427,6.059123196,1414,7.25488481,2394,7.78113851,427,6.059123196,0,1,0,0,0,0,0,1,0,0,0,0,1
160,412,9.602891,0.001672957,70,2692,7.898411093,335,5.81711116,1431,7.266827348,2482,7.817222786,335,5.81711116,0,0,0,0,1,0,0,1,0,0,0,1,0
161,407,4.265347,0.00098949,70,2657,7.885329239,250,5.525452939,1456,7.284134806,2571,7.852439085,250,5.525452939,0,1,0,0,0,0,0,1,0,0,0,1,0
162,408,2.361028,0.00021659,70,2624,7.872836175,158,5.068904202,1471,7.294377299,2661,7.886832999,158,5.068904202,0,1,0,0,0,0,0,1,0,0,0,0,0
163,405,2.437808,8.51E-05,62,2593,7.860956365,70,4.262679877,1491,7.307872781,2751,7.920083199,70,4.262679877,0,1,0,0,0,0,0,1,0,0,0,0,0
164,402,2.361028,0.000457022,46,2546,7.842671475,0,0,1518,7.325807503,2842,7.952615112,0,0,0,1,0,0,0,0,0,0,0,0,1,0,0
165,406,4.014341,0.000284089,57,2474,7.813995675,50,3.931825633,1518,7.325807503,2934,7.984462732,50,3.931825633,0,1,0,0,0,0,0,0,0,0,1,0,0
166,408,6.189824,0.000120799,34,2404,7.785305183,141,4.955827058,1486,7.304515946,3026,8.015327309,141,4.955827058,0,0,0,1,0,0,0,0,0,0,1,0,0
167,411,6.504634,0.000103633,34,2333,7.755338813,223,5.411646052,1456,7.284134806,3119,8.045588281,223,5.411646052,0,0,0,1,0,0,0,0,0,0,1,0,0
168,413,8.121123,0.00040563,35,2262,7.724446646,316,5.758901774,1423,7.261225092,3212,8.074960359,316,5.758901774,0,0,0,1,0,0,0,1,0,0,0,1,0
169,409,9.177124,0.000181728,35,2192,7.693025748,412,6.023447593,1394,7.240649694,3306,8.103796713,412,6.023447593,0,0,0,1,0,0,0,1,0,0,0,0,0
170,402,8.918327,0.000209914,35,2121,7.660114319,316,5.758901774,1372,7.224753406,3400,8.131824785,316,5.758901774,0,0,0,1,0,0,0,1,0,0,0,0,0
171,361,4.653281,1.34E-05,57,4420,8.394121194,0,0,2594,7.861341796,1612,7.385851078,0,0,0,1,0,0,0,0,0,0,0,1,0,0,0
172,366,4.866821,2.06E-05,57,4352,8.378620542,50,3.931825633,2549,7.843848638,1565,7.356279877,50,3.931825633,0,1,0,0,0,0,0,0,0,1,0,1,0
173,372,4.488605,1.78E-05,91,4285,8.363109176,70,4.262679877,2507,7.827240902,1523,7.329093736,70,4.262679877,0,1,0,0,0,0,0,0,0,1,0,1,0
174,377,5.267519,5.11E-05,91,4219,8.347590407,111,4.718498871,2469,7.81197343,1486,7.304515946,111,4.718498871,0,1,0,0,0,0,0,0,0,1,0,0,1
175,383,5.438008,7.19E-05,91,4154,8.332067707,158,5.068904202,2435,7.798112629,1456,7.284134806,158,5.068904202,0,1,0,0,0,0,0,0,0,1,0,0,1
176,388,4.653281,8.21E-05,91,4091,8.316789127,212,5.361292166,2404,7.785305183,1431,7.266827348,212,5.361292166,0,1,0,0,0,0,0,0,0,1,0,1,0
177,394,4.465878,0.000152588,91,4030,8.301769763,269,5.598421959,2376,7.773594467,1414,7.25488481,269,5.598421959,0,1,0,0,0,0,0,0,0,1,0,0,1
178,397,3.161052,0.000163502,91,3969,8.286521374,269,5.598421959,2343,7.759614151,1403,7.247080585,269,5.598421959,0,1,0,0,0,0,0,0,1,0,0,1,0
179,399,3.492588,0.000119315,91,3905,8.270269111,250,5.525452939,2280,7.732369222,1400,7.244941546,250,5.525452939,0,1,0,0,0,0,0,0,0,1,0,0,0
180,402,2.437808,4.11E-05,91,3841,8.253748343,206,5.332718793,2220,7.705712824,1403,7.247080585,206,5.332718793,0,1,0,0,0,0,0,0,0,1,0,0,0
181,407,3.718994,9.64E-05,101,3780,8.237743804,200,5.303304908,2163,7.67971364,1414,7.25488481,200,5.303304908,0,1,0,0,0,0,0,0,0,1,0,1,0
182,411,1.866953,8.77E-05,101,3720,8.221747728,200,5.303304908,2109,7.654443226,1431,7.266827348,200,5.303304908,0,1,0,0,0,0,0,0,0,1,0,0,0
183,415,1.296867,0.000133091,101,3661,8.205764725,158,5.068904202,2059,7.630461262,1456,7.284134806,158,5.068904202,0,1,0,0,0,0,0,0,0,0,1,1,0
184,416,1.280959,3.50E-05,101,3605,8.190354404,150,5.017279837,2012,7.607381426,1486,7.304515946,150,5.017279837,0,1,0,0,0,0,0,0,0,0,1,1,0
186,423,2.152348,5.80E-05,57,3498,8.160232492,158,5.068904202,1924,7.562681247,1565,7.356279877,158,5.068904202,0,1,0,0,0,0,0,0,0,1,0,0,1
187,426,1.542363,2.87E-05,45,3448,8.145839613,212,5.361292166,1884,7.5416831,1612,7.385851078,212,5.361292166,0,0,0,0,1,0,0,0,0,0,1,1,0
188,428,2.263636,0.000436041,0,3400,8.131824785,291,5.676753802,1850,7.523481313,1664,7.417580402,291,5.676753802,0,0,0,0,1,0,0,0,0,1,0,1,0
189,436,7.84057,0.000304328,62,3354,8.118207049,380,5.942799375,1812,7.502738211,1720,7.450660796,380,5.942799375,0,1,0,0,0,0,0,0,0,1,0,0,0
190,448,5.867916,9.59E-05,69,3310,8.105005538,474,6.163314804,1773,7.480992163,1780,7.484930283,474,6.163314804,0,1,0,0,0,0,0,0,0,1,0,0,0
191,458,3.718994,0.000127157,69,3269,8.092545264,570,6.34738921,1739,7.461640392,1843,7.519692404,570,6.34738921,0,1,0,0,0,0,0,0,0,1,0,0,0
192,466,5.963654,0.000120481,69,3231,8.08085642,667,6.504288174,1710,7.444833274,1910,7.555381944,667,6.504288174,0,1,0,0,0,0,0,0,0,1,0,1,1
193,474,7.234153,0.000120587,69,3242,8.084254106,756,6.629363253,1735,7.459338895,2015,7.608870629,756,6.629363253,0,1,0,0,0,0,0,0,0,1,0,0,0
194,487,3.906236,0.002081871,67,3162,8.059276223,863,6.761572769,1668,7.419979924,2051,7.626570206,863,6.761572769,0,1,0,0,0,0,0,0,0,1,0,0,0
195,491,1.296867,0.001946237,62,3178,8.064321961,813,6.701960366,1706,7.442492723,2159,7.677863501,813,6.701960366,0,1,0,0,0,0,0,0,0,1,0,0,0
196,491,3.885299,0.00099712,67,3146,8.054204897,801,6.687108608,1700,7.438971592,2234,7.711996507,801,6.687108608,0,1,0,0,0,0,0,0,0,0,1,0,0
197,490,4.820669,0.00032372,60,3114,8.043984431,801,6.687108608,1700,7.438971592,2311,7.74586823,801,6.687108608,1,0,0,0,0,0,0,1,0,0,0,0,0
198,489,2.180705,0.000375324,60,3084,8.034306936,738,6.605297921,1700,7.438971592,2390,7.779466967,738,6.605297921,0,1,0,0,0,0,0,1,0,0,0,0,0
199,485,3.293986,0.000300831,60,3046,8.021912779,651,6.480044562,1702,7.440146681,2470,7.812378206,651,6.480044562,0,1,0,0,0,0,0,1,0,0,0,0,0
200,477,5.936462,0.000613954,70,3008,8.009363077,570,6.34738921,1711,7.445417557,2551,7.844632644,570,6.34738921,0,1,0,0,0,0,0,1,0,0,0,0,0
201,466,8.726832,0.001334826,70,2973,7.997663127,492,6.200509174,1726,7.454141078,2634,7.876638461,492,6.200509174,0,1,0,0,0,0,0,1,0,0,0,0,0
202,448,14.01735,0.000613319,70,2941,7.986844901,400,5.993961427,1746,7.46565531,2718,7.908019445,400,5.993961427,0,1,0,0,0,0,0,1,0,0,0,0,0
203,428,12.61201,0.000764423,68,2899,7.972466016,300,5.707110265,1767,7.477604243,2804,7.939158818,300,5.707110265,0,1,0,0,0,0,0,1,0,0,0,0,0
204,415,6.482894,0.001256307,73,2828,7.947678571,200,5.303304908,1784,7.487173694,2890,7.969357742,200,5.303304908,1,0,0,0,0,0,0,1,0,0,0,1,0
205,410,1.910344,0.000810623,77,2757,7.922261058,100,4.615120517,1806,7.499423291,2976,7.998671361,100,4.615120517,0,1,0,0,0,0,0,1,0,0,0,0,0
206,408,3.778853,0.001545482,58,2687,7.896552702,0,0,1802,7.497207223,3064,8.027802848,0,0,0,1,0,0,0,0,0,0,0,1,0,0,0
207,418,8.448629,0.000519011,57,2616,7.869783903,70,4.262679877,1772,7.480428306,3153,8.056426768,70,4.262679877,0,1,0,0,0,0,0,0,0,1,0,0,0
208,425,6.857466,0.000771099,77,2545,7.842278779,158,5.068904202,1739,7.461640392,3242,8.084254106,158,5.068904202,0,1,0,0,0,0,0,0,0,1,0,0,0
209,428,4.069808,0.000512547,77,2474,7.813995675,250,5.525452939,1710,7.444833274,3332,8.111628078,250,5.525452939,0,1,0,0,0,0,0,0,0,1,0,0,1
210,429,3.762623,0.000190841,77,2404,7.785305183,335,5.81711116,1686,7.430707083,3422,8.138272639,335,5.81711116,0,1,0,0,0,0,0,0,0,1,0,0,0
211,430,3.646971,0.000549211,77,2333,7.755338813,427,6.059123196,1662,7.416378479,3513,8.164510269,427,6.059123196,0,1,0,0,0,0,0,0,0,1,0,0,0
212,430,1.358634,0.001187748,66,2262,7.724446646,430,6.06610809,1628,7.395721609,3604,8.19007705,430,6.06610809,0,1,0,0,0,0,0,0,1,0,0,0,0
213,428,2.700635,0.001080725,33,2192,7.693025748,380,5.942799375,1597,7.376508126,3696,8.215276959,380,5.942799375,0,0,0,1,0,0,0,1,0,0,0,0,0
214,345,4.714065,0.000176112,85,4577,8.429017501,100,4.615120517,2823,7.945909599,1838,7.516977225,100,4.615120517,0,1,0,0,0,0,0,0,0,1,0,1,1
215,349,6.047817,9.38E-05,57,4513,8.414938957,158,5.068904202,2785,7.932362154,1802,7.497207223,158,5.068904202,0,1,0,0,0,0,0,0,0,1,0,1,0
216,353,6.654761,0.000208431,57,4451,8.401108712,111,4.718498871,2751,7.920083199,1772,7.480428306,111,4.718498871,0,1,0,0,0,0,0,0,0,1,0,1,1
217,362,4.415459,0.000182364,57,4390,8.387312271,50,3.931825633,2720,7.908754739,1746,7.46565531,50,3.931825633,0,1,0,0,0,0,0,0,0,1,0,1,0
218,365,4.756999,3.51E-05,22,4327,8.372860821,0,0,2692,7.898411093,1726,7.454141078,0,0,0,0,0,1,0,0,0,0,0,1,0,1,1
219,368,5.11109,6.41E-05,13,4263,8.357962966,0,0,2640,7.878912912,1711,7.445417557,0,0,0,0,1,0,0,0,0,0,0,1,0,0,0
220,374,5.685719,2.11E-05,13,4201,8.343315881,50,3.931825633,2580,7.8559322,1702,7.440146681,50,3.931825633,0,0,1,0,0,0,0,0,0,1,0,0,1
221,380,5.667883,2.29E-05,13,4140,8.328692584,0,0,2523,7.833600224,1700,7.438971592,0,0,0,0,0,1,0,0,0,0,0,1,0,1,0
222,387,4.887652,5.03E-05,13,4080,8.314097335,50,3.931825633,2469,7.81197343,1702,7.440146681,50,3.931825633,0,0,1,0,0,0,0,0,0,1,0,0,0
223,393,5.267519,3.84E-05,14,4022,8.299783172,70,4.262679877,2418,7.791109511,1711,7.445417557,70,4.262679877,0,0,0,1,0,0,0,0,0,1,0,1,0
224,398,4.916666,3.19E-05,85,3966,8.285765421,100,4.615120517,2370,7.771067086,1726,7.454141078,100,4.615120517,0,0,0,0,1,0,0,0,0,1,0,1,0
225,403,5.193815,4.17E-05,85,3911,8.271804031,100,4.615120517,2325,7.751905333,1746,7.46565531,100,4.615120517,0,1,0,0,0,0,0,0,0,1,0,0,0
226,408,5.051153,5.70E-05,85,3858,8.258163362,111,4.718498871,2280,7.732369222,1772,7.480428306,111,4.718498871,0,1,0,0,0,0,0,0,0,1,0,0,0
227,414,4.648908,7.87E-05,85,3807,8.244859396,150,5.017279837,2238,7.713784617,1802,7.497207223,150,5.017279837,0,1,0,0,0,0,0,0,0,1,0,0,0
228,417,4.222151,7.27E-05,55,3802,8.243545508,206,5.332718793,2247,7.717796211,1884,7.5416831,206,5.332718793,0,1,0,0,0,0,0,0,0,1,0,1,0
229,424,2.560639,3.12E-05,58,3712,8.219595454,212,5.361292166,2166,7.681099002,1878,7.538494999,212,5.361292166,0,1,0,0,0,0,0,0,0,1,0,0,0
230,428,2.753145,7.15E-05,59,3667,8.207401833,291,5.676753802,2127,7.66293785,1923,7.562161631,291,5.676753802,0,1,0,0,0,0,0,0,0,1,0,0,0
231,433,4.36445,4.88E-05,55,3624,8.195609567,380,5.942799375,2089,7.644919345,1972,7.587310506,380,5.942799375,0,1,0,0,0,0,0,0,0,1,0,0,0
232,441,4.560558,8.09E-05,41,3584,8.184513753,474,6.163314804,2055,7.628517627,2024,7.61332498,474,6.163314804,0,1,0,0,0,0,0,0,0,1,0,1,0
233,447,5.867916,4.95E-05,65,3546,8.173857455,570,6.34738921,2026,7.614312146,2080,7.640603826,570,6.34738921,0,1,0,0,0,0,0,0,0,1,0,1,0
234,451,5.456614,7.92E-05,69,3558,8.177234886,672,6.51174533,2050,7.626082758,2180,7.687538766,672,6.51174533,0,1,0,0,0,0,0,0,0,1,0,1,0
235,461,5.939868,0.000119527,69,3478,8.154500175,651,6.480044562,1981,7.591861715,2202,7.697575347,651,6.480044562,0,1,0,0,0,0,0,0,0,1,0,0,0
236,468,4.542678,5.34E-05,69,3494,8.159088655,559,6.327936784,2015,7.608870629,2304,7.742835955,559,6.327936784,0,1,0,0,0,0,0,0,0,1,0,1,0
237,478,5.178162,2.61E-05,69,3415,8.136225555,570,6.34738921,1955,7.578656851,2334,7.75576717,570,6.34738921,0,1,0,0,0,0,0,0,0,1,0,1,0
238,486,4.820669,0.000140402,62,3383,8.126813721,552,6.315358002,1950,7.576097341,2404,7.785305183,552,6.315358002,0,1,0,0,0,0,0,0,0,1,0,0,0
239,491,0.4529535,0.000922415,41,3352,8.117610746,552,6.315358002,1950,7.576097341,2475,7.814399634,552,6.315358002,0,1,0,0,0,0,0,0,0,1,0,0,1
240,488,2.263636,0.00039249,60,3315,8.106514516,570,6.34738921,1950,7.576097341,2549,7.843848638,570,6.34738921,0,1,0,0,0,0,0,0,1,0,0,1,1
241,483,2.308417,0.000627412,46,3324,8.109224953,559,6.327936784,2002,7.602401336,2657,7.885329239,559,6.327936784,0,0,0,1,0,0,0,0,1,0,0,1,0
242,483,0.2025703,0.000215424,46,3289,8.098642844,610,6.415096959,2009,7.605890001,2733,7.913521017,610,6.415096959,0,1,0,0,0,0,0,1,0,0,0,1,0
243,481,2.308417,0.00048044,60,3252,8.087332926,559,6.327936784,2022,7.612336837,2811,7.941651253,559,6.327936784,0,1,0,0,0,0,0,1,0,0,0,1,0
244,479,3.161052,0.002199173,71,3146,8.054204897,447,6.104793232,1990,7.596392304,2860,7.958926493,447,6.104793232,0,1,0,0,0,0,0,1,0,0,0,1,0
245,475,5.895432,0.00396347,66,3111,8.043020885,380,5.942799375,2061,7.631431665,2970,7.996653875,380,5.942799375,0,1,0,0,0,0,0,1,0,0,0,1,0
246,461,11.53134,0.003424327,60,3040,8.019941688,291,5.676753802,2079,7.640123173,3051,8.023552392,291,5.676753802,0,1,0,0,0,0,0,1,0,0,0,0,0
247,440,16.20515,0.000879394,60,2969,7.996317232,200,5.303304908,2098,7.64921632,3134,8.050384453,200,5.303304908,0,1,0,0,0,0,0,1,0,0,0,0,0
248,416,14.2527,0.000871976,77,2899,7.972466016,100,4.615120517,2088,7.644440762,3217,8.076515328,100,4.615120517,0,1,0,0,0,0,0,1,0,0,0,0,0
249,399,8.486281,0.002584669,58,2828,7.947678571,0,0,2055,7.628517627,3301,8.102283624,0,0,0,1,0,0,0,0,0,1,0,0,0,0,0
252,392,5.438008,0.00078498,0,2616,7.869783903,141,4.955827058,1978,7.590346946,3559,8.177515824,141,4.955827058,0,0,0,0,1,0,0,0,0,1,0,0,0
253,396,7.300469,0.00027042,77,2545,7.842278779,212,5.361292166,1944,7.573017256,3647,8.201934351,212,5.361292166,0,1,0,0,0,0,0,0,0,1,0,0,0
254,327,5.667883,0.000297652,85,4872,8.491465043,50,3.931825633,3138,8.051659557,2154,7.675546003,50,3.931825633,0,1,0,0,0,0,0,0,0,1,0,1,0
255,333,2.504071,0.000472705,85,4810,8.478660242,111,4.718498871,3101,8.039802344,2118,7.658699558,111,4.718498871,0,1,0,0,0,0,0,0,0,1,0,1,1
256,335,1.994289,0.000172297,55,4750,8.466110401,206,5.332718793,3067,8.028781162,2088,7.644440762,206,5.332718793,0,0,1,0,0,0,0,0,0,1,0,0,1
257,338,2.715742,5.68E-05,25,4686,8.452547998,291,5.676753802,3036,8.018625465,2061,7.631431665,291,5.676753802,0,0,0,1,0,0,0,0,0,1,0,0,1
258,341,2.631573,2.36E-05,14,4622,8.438799124,316,5.758901774,3000,8.006700845,2039,7.620705087,316,5.758901774,0,0,0,1,0,0,0,0,0,1,0,1,0
259,344,2.034959,0.000113487,14,4560,8.425297177,250,5.525452939,2941,7.986844901,2022,7.612336837,250,5.525452939,0,0,1,0,0,0,0,0,0,1,0,0,0
260,347,3.890544,0.000209596,14,4500,8.412054873,180,5.198497031,2884,7.967280179,2009,7.605890001,180,5.198497031,0,0,0,1,0,0,0,0,0,1,0,0,0
261,352,4.953713,3.62E-05,14,4440,8.398634855,111,4.718498871,2830,7.948385285,2002,7.602401336,111,4.718498871,0,0,1,0,0,0,0,0,0,1,0,0,1
262,356,5.302065,3.37E-05,14,4382,8.3854887,50,3.931825633,2778,7.92984643,2000,7.601402335,50,3.931825633,0,0,0,1,0,0,0,0,0,1,0,0,0
263,360,5.267519,0.000172933,76,4326,8.37262974,0,0,2729,7.912056888,2002,7.602401336,0,0,0,1,0,0,0,0,0,0,0,1,0,1,1
264,368,6.666862,6.81E-05,83,4272,8.360071436,70,4.262679877,2683,7.895063498,2009,7.605890001,70,4.262679877,0,1,0,0,0,0,0,0,0,1,0,0,0
265,377,7.253561,6.30E-05,95,4219,8.347590407,141,4.955827058,2638,7.878155337,2022,7.612336837,141,4.955827058,0,1,0,0,0,0,0,0,0,1,0,0,0
266,386,6.13738,0.000134574,89,4167,8.335191583,212,5.361292166,2594,7.861341796,2039,7.620705087,212,5.361292166,0,1,0,0,0,0,0,0,0,1,0,0,0
267,395,5.438008,0.000104057,83,4118,8.323365694,282,5.645446898,2553,7.845416037,2061,7.631431665,282,5.645446898,0,1,0,0,0,0,0,0,0,1,0,0,0
268,402,4.731286,5.79E-05,79,4070,8.311643949,360,5.888877958,2516,7.830822995,2088,7.644440762,360,5.888877958,0,1,0,0,0,0,0,0,0,1,0,0,0
269,409,4.094768,4.37E-05,67,4024,8.30028019,447,6.104793232,2482,7.817222786,2118,7.658699558,447,6.104793232,0,1,0,0,0,0,0,0,0,1,0,1,0
270,415,3.533268,2.62E-05,67,3981,8.289539485,474,6.163314804,2442,7.800982071,2154,7.675546003,474,6.163314804,0,1,0,0,0,0,0,0,0,1,0,0,0
271,420,3.243992,2.61E-05,55,3939,8.278936002,514,6.244166901,2405,7.785720897,2193,7.693481641,514,6.244166901,0,1,0,0,0,0,0,0,0,1,0,0,0
272,425,3.533268,1.95E-05,55,3900,8.26898821,570,6.34738921,2371,7.77148876,2236,7.712890961,570,6.34738921,0,1,0,0,0,0,0,0,0,1,0,0,0
273,430,2.429397,4.97E-05,55,3862,8.259199363,636,6.456769656,2342,7.759187439,2282,7.733245647,636,6.456769656,0,1,0,0,0,0,0,0,0,1,0,0,0
274,433,3.533268,9.46E-05,65,3827,8.250097753,604,6.405228458,2316,7.748028524,2332,7.754910272,604,6.405228458,0,0,0,0,1,0,0,0,0,1,0,0,0
275,439,3.890544,0.000120799,71,3794,8.24143969,514,6.244166901,2294,7.738488122,2385,7.777373603,514,6.244166901,0,1,0,0,0,0,0,0,0,1,0,0,1
276,444,3.800384,0.000202073,52,3810,8.245646901,403,6.001414878,2326,7.752335163,2482,7.817222786,403,6.001414878,0,1,0,0,0,0,0,0,0,1,0,1,0
277,451,4.465878,0.000193596,52,3779,8.237479289,320,5.771441123,2313,7.746732908,2540,7.840312983,320,5.771441123,0,0,0,1,0,0,0,0,0,1,0,0,0
278,455,5.067206,0.000177807,52,3747,8.228977643,250,5.525452939,2304,7.742835955,2600,7.863651265,250,5.525452939,0,0,0,1,0,0,0,0,0,1,0,1,0
279,460,9.271651,0.001179801,52,3716,8.22067217,206,5.332718793,2300,7.74109909,2663,7.887584032,206,5.332718793,0,1,0,0,0,0,0,0,0,1,0,1,0
280,476,14.69362,0.000779046,52,3676,8.209852481,206,5.332718793,2300,7.74109909,2728,7.911690521,206,5.332718793,0,1,0,0,0,0,0,0,0,1,0,1,0
281,499,11.72335,0.005482674,69,3640,8.200013648,250,5.525452939,2300,7.74109909,2795,7.935945103,250,5.525452939,0,1,0,0,0,0,0,0,0,1,0,1,0
282,502,2.918995,0.00312678,41,3605,8.190354404,316,5.758901774,2302,7.7419679,2864,7.960323629,316,5.758901774,0,0,0,1,0,0,0,0,1,0,0,1,0
283,495,6.257968,0.001012272,49,3535,8.170751424,360,5.888877958,2308,7.744569809,2934,7.984462732,360,5.888877958,0,1,0,0,0,0,0,1,0,0,0,0,0
284,483,7.200756,0.00020398,47,3464,8.150467912,424,6.052089169,2319,7.749322465,3007,8.009030685,424,6.052089169,0,0,0,1,0,0,0,1,0,0,0,1,0
285,472,7.05128,0.000183423,45,3394,8.13005904,474,6.163314804,2334,7.75576717,3080,8.033009499,474,6.163314804,0,0,0,1,0,0,0,1,0,0,0,0,1
286,457,8.327409,0.000449605,60,3323,8.108924156,500,6.216606101,2353,7.763871288,3156,8.057377489,500,6.216606101,0,1,0,0,0,0,0,1,0,0,0,0,0
287,445,4.433861,0.000771735,17,3252,8.087332926,424,6.052089169,2375,7.77317368,3233,8.08147504,424,6.052089169,0,0,0,1,0,0,0,0,1,0,0,1,0
288,440,5.11506,0.000138813,17,3181,8.065265209,353,5.869296913,2392,7.780303088,3310,8.105005538,353,5.869296913,0,0,0,1,0,0,0,0,1,0,0,1,0
289,432,5.545037,7.83E-05,17,3111,8.043020885,282,5.645446898,2371,7.77148876,3390,8.128880142,282,5.645446898,0,0,0,1,0,0,0,0,1,0,0,1,0
290,423,6.880907,0.000387934,16,3040,8.019941688,223,5.411646052,2342,7.759187439,3470,8.152198016,223,5.411646052,0,0,0,1,0,0,0,0,1,0,0,0,1
291,412,6.712039,0.000403828,16,2969,7.996317232,180,5.198497031,2316,7.748028524,3551,8.175266104,180,5.198497031,0,0,0,1,0,0,0,1,0,0,0,1,0
292,400,5.81248,0.00021002,16,2899,7.972466016,111,4.718498871,2294,7.738488122,3633,8.198089249,111,4.718498871,0,0,0,1,0,0,0,1,0,0,0,0,1
293,390,5.512049,0.000202921,16,2828,7.947678571,50,3.931825633,2261,7.724004657,3716,8.22067217,50,3.931825633,0,0,0,1,0,0,0,1,0,0,0,0,0
294,384,1.181015,0.000346926,11,2757,7.922261058,50,3.931825633,2229,7.709756864,3800,8.243019469,50,3.931825633,0,0,0,0,1,0,0,1,0,0,0,0,0
295,384,0.8593723,3.16E-05,0,2687,7.896552702,150,5.017279837,2198,7.695757991,3884,8.264878263,150,5.017279837,0,0,0,0,1,0,0,1,0,0,0,0,0
296,382,1.01275,4.82E-05,17,2616,7.869783903,250,5.525452939,2170,7.68294317,3970,8.286773231,250,5.525452939,0,0,0,0,1,0,0,1,0,0,0,0,1
297,332,6.657789,0.00041718,18,4801,8.476787777,223,5.411646052,3190,8.068089626,2319,7.749322465,223,5.411646052,0,0,0,1,0,0,0,0,0,1,0,0,0
298,334,4.207653,0.000179079,25,4743,8.464635941,316,5.758901774,3138,8.051659557,2308,7.744569809,316,5.758901774,0,0,0,1,0,0,0,0,0,1,0,0,0
299,338,3.800384,0.000146018,72,4687,8.452761331,320,5.771441123,3088,8.035602693,2302,7.7419679,320,5.771441123,0,1,0,0,0,0,0,0,0,1,0,0,0
300,339,3.082495,0.000113063,36,4632,8.440959885,250,5.525452939,3041,8.020270473,2300,7.74109909,250,5.525452939,0,0,0,0,1,0,0,0,0,1,0,0,0
301,343,4.044691,4.96E-05,39,4579,8.429454277,180,5.198497031,2996,8.005367067,2302,7.7419679,180,5.198497031,0,0,0,0,1,0,0,0,0,1,0,0,0
302,349,5.486251,8.21E-05,78,4527,8.41803562,111,4.718498871,2951,7.990238186,2308,7.744569809,111,4.718498871,0,1,0,0,0,0,0,0,0,1,0,0,0
303,357,5.467748,0.000107235,74,4477,8.406931797,50,3.931825633,2909,7.97590836,2319,7.749322465,50,3.931825633,0,1,0,0,0,0,0,0,0,1,0,0,0
304,362,6.283728,0.000174311,75,4429,8.396154863,111,4.718498871,2869,7.962067309,2334,7.75576717,111,4.718498871,0,1,0,0,0,0,0,0,0,1,0,0,1
305,371,7.66235,0.000118256,75,4382,8.3854887,206,5.332718793,2832,7.9490915,2353,7.763871288,206,5.332718793,0,1,0,0,0,0,0,0,0,1,0,0,0
306,383,7.623028,9.08E-05,75,4338,8.375399186,304,5.720311777,2797,7.936660155,2376,7.773594467,304,5.720311777,0,1,0,0,0,0,0,0,0,1,0,1,0
307,388,6.895514,0.000132667,75,4316,8.370315996,353,5.869296913,2777,7.929486523,2390,7.779466967,353,5.869296913,0,1,0,0,0,0,0,0,0,1,0,0,0
308,404,6.331736,0.000152482,75,4254,8.355850041,502,6.22059017,2721,7.909122183,2435,7.798112629,502,6.22059017,0,1,0,0,0,0,0,0,0,1,0,0,0
309,414,5.25209,0.000178973,75,4215,8.34664209,602,6.401917197,2687,7.896552702,2469,7.81197343,602,6.401917197,0,1,0,0,0,0,0,0,0,1,0,0,0
310,418,3.816451,0.00023365,75,4225,8.349011198,707,6.562444094,2706,7.90359629,2553,7.845416037,707,6.562444094,0,1,0,0,0,0,0,0,0,1,0,0,0
311,427,3.601925,7.84E-05,75,4143,8.329416784,650,6.478509642,2631,7.875499292,2549,7.843848638,650,6.478509642,0,1,0,0,0,0,0,0,0,1,0,1,0
312,433,4.433861,0.000190947,75,4110,8.321421587,550,6.311734809,2608,7.866722285,2594,7.861341796,550,6.311734809,0,1,0,0,0,0,0,0,0,0,1,0,0
313,445,7.667577,0.001623366,75,4127,8.325548307,452,6.115892125,2638,7.878155337,2685,7.895808377,452,6.115892125,0,1,0,0,0,0,0,0,0,0,1,0,0
314,445,4.16385,0.001258532,75,4047,8.305978211,350,5.860786223,2573,7.853216388,2692,7.898411093,350,5.860786223,0,1,0,0,0,0,0,1,0,0,0,0,0
315,440,3.445503,0.001134025,60,4016,8.298290634,250,5.525452939,2562,7.848933726,2745,7.917900586,250,5.525452939,0,1,0,0,0,0,0,1,0,0,0,0,0
316,436,3.445503,0.000583967,59,3984,8.290292591,150,5.017279837,2554,7.845807503,2801,7.938088727,150,5.017279837,0,1,0,0,0,0,0,0,0,1,0,0,0
317,437,4.289153,8.23E-05,60,3946,8.280711076,50,3.931825633,2550,7.844240718,2860,7.958926493,50,3.931825633,0,0,0,1,0,0,0,0,1,0,0,0,0
318,434,5.018887,0.00018035,60,3956,8.283241441,0,0,2600,7.863651265,2960,7.993282328,0,0,0,0,0,1,0,0,0,0,0,1,0,0,0
319,435,6.331736,0.001559046,67,3889,8.266164437,0,0,2600,7.863651265,3022,8.014004995,0,0,0,1,0,0,0,0,0,0,0,1,0,1,0
320,443,11.86794,0.001936383,78,3818,8.247743887,70,4.262679877,2601,7.864035659,3085,8.034631033,70,4.262679877,0,1,0,0,0,0,0,0,0,1,0,0,1
321,453,13.51828,0.001340336,78,3747,8.228977643,141,4.955827058,2607,7.866338923,3151,8.055792451,141,4.955827058,0,1,0,0,0,0,0,0,0,1,0,1,0
322,456,12.29035,0.000761032,78,3676,8.209852481,158,5.068904202,2617,7.870165946,3219,8.077136639,158,5.068904202,0,1,0,0,0,0,0,0,0,1,0,0,0
323,457,11.04835,0.00076792,21,3606,8.190631681,200,5.303304908,2630,7.875119281,3288,8.098338846,200,5.303304908,0,0,0,1,0,0,0,0,1,0,0,1,0
324,454,7.717048,0.001576424,17,3535,8.170751424,200,5.303304908,2647,7.881559917,3358,8.11939859,200,5.303304908,0,0,1,0,0,0,0,0,1,0,0,0,0
325,445,6.651733,0.000851525,17,3464,8.150467912,200,5.303304908,2668,7.889459149,3431,8.140898461,200,5.303304908,0,0,0,1,0,0,0,0,1,0,0,1,0
326,435,5.738885,0.00038592,16,3394,8.13005904,206,5.332718793,2687,7.896552702,3504,8.161945799,206,5.332718793,0,0,0,1,0,0,0,0,1,0,0,0,0
327,423,6.000835,9.90E-05,13,3323,8.108924156,250,5.525452939,2658,7.885705391,3579,8.183118079,250,5.525452939,0,0,0,1,0,0,0,0,1,0,0,1,0
328,415,4.582808,6.60E-05,15,3252,8.087332926,250,5.525452939,2631,7.875499292,3655,8.204124933,250,5.525452939,0,0,0,1,0,0,0,1,0,0,0,0,0
329,409,2.811949,6.35E-05,14,3181,8.065265209,250,5.525452939,2608,7.866722285,3732,8.224967479,250,5.525452939,0,0,0,1,0,0,0,0,1,0,0,0,0
330,403,2.639336,4.99E-05,16,3111,8.043020885,206,5.332718793,2577,7.854769183,3810,8.245646901,206,5.332718793,0,0,0,1,0,0,0,0,1,0,0,0,1
331,398,4.582808,0.000160217,16,3040,8.019941688,111,4.718498871,2546,7.842671475,3890,8.266421473,111,4.718498871,0,0,0,1,0,0,0,1,0,0,0,0,1
332,389,5.493635,0.00010003,17,2969,7.996317232,50,3.931825633,2514,7.830028083,3970,8.286773231,50,3.931825633,0,0,0,1,0,0,0,1,0,0,0,0,0
333,382,1.358634,0.000414636,0,2899,7.972466016,50,3.931825633,2486,7.818832444,4051,8.306965865,50,3.931825633,0,0,0,0,1,0,0,0,1,0,0,0,0
334,382,1.181015,4.26E-05,49,2828,7.947678571,111,4.718498871,2462,7.809135398,4133,8.32700074,111,4.718498871,0,1,0,0,0,0,0,0,0,1,0,0,0
335,382,1.032802,0.000135634,49,2757,7.922261058,206,5.332718793,2435,7.798112629,4215,8.34664209,206,5.332718793,0,1,0,0,0,0,0,0,1,0,0,0,1
336,319,2.308417,0.000251346,24,4939,8.50512061,212,5.361292166,3354,8.118207049,2601,7.864035659,212,5.361292166,0,0,0,0,1,0,0,0,0,1,0,0,0
337,322,3.439572,0.000153224,72,4887,8.494538501,282,5.645446898,3309,8.104703468,2600,7.863651265,282,5.645446898,0,1,0,0,0,0,0,0,0,1,0,0,0
338,327,3.533268,0.00012917,75,4837,8.484256691,353,5.869296913,3265,8.091321274,2601,7.864035659,353,5.869296913,0,1,0,0,0,0,0,0,0,1,0,0,0
339,327,3.367573,0.000415908,77,4788,8.4740769,364,5.899897354,3223,8.078378104,2607,7.866338923,364,5.899897354,0,1,0,0,0,0,0,0,0,1,0,0,0
340,334,4.36445,0.000242233,75,4741,8.464214267,350,5.860786223,3184,8.066207568,2617,7.870165946,350,5.860786223,0,1,0,0,0,0,0,0,0,1,0,0,0
342,345,6.08447,0.000195609,75,4651,8.445052514,403,6.001414878,3112,8.04334217,2647,7.881559917,403,6.001414878,0,0,0,0,1,0,0,0,0,1,0,1,0
343,354,7.860959,0.000893911,21,4609,8.435983136,460,6.133398043,3073,8.030734924,2668,7.889459149,460,6.133398043,0,0,0,1,0,0,0,0,0,1,0,0,0
344,369,16.55059,0.002243784,21,4569,8.427268484,531,6.276643489,3037,8.018954683,2692,7.898411093,531,6.276643489,0,0,0,1,0,0,0,0,0,1,0,0,0
345,373,16.22218,0.00112417,42,4577,8.429017501,640,6.463029457,3051,8.023552392,2768,7.926241523,640,6.463029457,0,0,0,1,0,0,0,0,0,1,0,0,0
346,382,12.84131,0.000694169,72,4541,8.421122723,565,6.338594078,3022,8.014004995,2798,7.93701749,565,6.338594078,0,1,0,0,0,0,0,0,0,1,0,1,1
347,390,14.65779,0.001380814,100,4506,8.413387023,500,6.216606101,2995,8.005033345,2832,7.9490915,500,6.216606101,0,1,0,0,0,0,0,0,0,1,0,1,0
348,409,14.5768,0.002783775,67,4474,8.406261631,447,6.104793232,2971,7.996990406,2869,7.962067309,447,6.104793232,0,1,0,0,0,0,0,0,0,1,0,0,0
349,419,5.685719,0.001128727,100,4396,8.388677769,460,6.133398043,2902,7.973499964,2863,7.959974528,460,6.133398043,0,1,0,0,0,0,0,0,1,0,0,1,1
350,410,5.781057,0.000556204,59,4411,8.39208338,400,5.993961427,2934,7.984462732,2951,7.990238186,400,5.993961427,0,0,0,1,0,0,0,0,1,0,0,0,1
351,405,7.84057,0.00271723,20,4379,8.384804003,400,5.993961427,2921,7.980023592,2997,8.005700679,400,5.993961427,0,0,0,1,0,0,0,0,1,0,0,0,1
352,406,13.27067,0.002524906,39,4346,8.377241231,403,6.001414878,2910,7.976251944,3045,8.021584533,403,6.001414878,0,0,0,1,0,0,0,0,0,1,0,0,0
353,411,14.32005,0.001043214,20,4308,8.368461138,360,5.888877958,2903,7.973844376,3095,8.037866235,360,5.888877958,0,1,0,0,0,0,0,0,0,1,0,0,0
354,414,11.30993,0.0015156,30,4242,8.353025845,316,5.758901774,2900,7.972810784,3148,8.054840221,316,5.758901774,0,0,0,1,0,0,0,0,1,0,0,0,1
355,413,6.985377,0.001339701,60,4171,8.336150816,250,5.525452939,2900,7.972810784,3203,8.072155308,250,5.525452939,0,1,0,0,0,0,0,0,0,1,0,0,0
356,412,4.373769,0.000487434,60,4101,8.319229939,180,5.198497031,2900,7.972810784,3260,8.089789176,180,5.198497031,0,1,0,0,0,0,0,0,1,0,0,0,0
357,410,4.933166,0.000621902,60,4030,8.301769763,150,5.017279837,2901,7.973155433,3320,8.108021221,150,5.017279837,0,1,0,0,0,0,0,0,0,1,0,0,0
358,418,6.866266,0.000176112,60,3959,8.283999304,111,4.718498871,2906,7.974876901,3381,8.126222529,111,4.718498871,0,1,0,0,0,0,0,0,0,1,0,1,1
359,426,6.457954,0.000855234,60,3889,8.266164437,100,4.615120517,2915,7.977968093,3444,8.144679183,100,4.615120517,0,0,0,1,0,0,0,0,0,1,0,0,1
360,425,3.533268,0.000490189,14,3818,8.247743887,100,4.615120517,2927,7.982074875,3508,8.163086376,100,4.615120517,0,0,0,1,0,0,0,0,1,0,0,0,1
361,421,4.36445,4.06E-05,14,3747,8.228977643,100,4.615120517,2942,7.987184748,3575,8.182000136,100,4.615120517,0,0,1,0,0,0,0,0,1,0,0,1,1
362,419,4.16385,6.99E-05,12,3676,8.209852481,70,4.262679877,2961,7.993619995,3643,8.200837258,70,4.262679877,0,0,1,0,0,0,0,0,1,0,0,0,0
363,414,5.667883,0.000137329,13,3606,8.190631681,50,3.931825633,2974,7.997999318,3712,8.219595454,50,3.931825633,0,0,0,1,0,0,0,0,1,0,0,1,0
364,408,4.094768,0.000222736,13,3535,8.170751424,50,3.931825633,2947,7.988882253,3783,8.23853693,50,3.931825633,0,0,0,1,0,0,0,0,1,0,0,1,0
365,406,4.36445,0.000157038,13,3464,8.150467912,50,3.931825633,2923,7.980707821,3855,8.257385656,50,3.931825633,0,0,1,0,0,0,0,0,1,0,0,0,1
366,400,4.089788,0.000104162,13,3394,8.13005904,50,3.931825633,2893,7.970394907,3928,8.27614022,50,3.931825633,0,0,0,1,0,0,0,0,1,0,0,1,0
367,397,5.255952,0.000185543,12,3323,8.108924156,50,3.931825633,2862,7.959625305,4002,8.294799359,50,3.931825633,0,0,1,0,0,0,0,0,1,0,0,0,1
368,394,5.067206,0.000404676,16,3252,8.087332926,70,4.262679877,2830,7.948385285,4078,8.313607139,70,4.262679877,0,0,0,1,0,0,0,0,1,0,0,1,1
